{
  "model": "order_risk",
  "version": "0.1.0",
  "dataset_size": 10000,
  "positive_rate": 0.0393,
  "validation_auc": 0.5835166256954328,
  "test_auc": 0.47497618179465767,
  "test_precision": 0.0,
  "test_recall": 0.0,
  "test_f1": 0.0
}